checkpoint_name,precision,recall,f1
eng/checkpoint_1_50.pt,0.10956440189244414,0.13907785336356765,0.12256952708681569
eng/checkpoint_1_100.pt,0.15379048738837112,0.1977828168304359,0.17303427440251326
eng/checkpoint_1_150.pt,0.18022110271480565,0.22770780856423173,0.20120050931200842
eng/checkpoint_1_200.pt,0.2293814721522532,0.2899244332493703,0.2561237706712215
eng/checkpoint_1_250.pt,0.27286857494613737,0.3631327121631831,0.31159529923171925
eng/checkpoint_1_300.pt,0.30741765922943537,0.4323100150981379,0.35932070007714617
eng/checkpoint_1_350.pt,0.3088053740014521,0.4336349924585219,0.3607261190949534
eng/checkpoint_1_400.pt,0.3087441068987638,0.4308310318855134,0.3597106911474064
eng/checkpoint_1_450.pt,0.3086791610887993,0.43172690763052207,0.3599784099483664
eng/checkpoint_1_500.pt,0.3125362197704218,0.4425777331995988,0.3663594644085633
eng/checkpoint1.pt,0.3205008217041302,0.4590122837803961,0.37745052158542985
eng/checkpoint_2_550.pt,0.3249296676972779,0.4705439959889697,0.3844092173840964
eng/checkpoint_2_600.pt,0.33044628191207914,0.48333750939614134,0.3925295258875627
eng/checkpoint_2_650.pt,0.33499944277276184,0.4944834503510532,0.3994095157384494
eng/checkpoint_2_700.pt,0.3344355265724707,0.49561073488838725,0.39937493798394313
eng/checkpoint_2_750.pt,0.3391299501156526,0.5046400802608477,0.4056521542222971
eng/checkpoint_2_800.pt,0.3424927560459145,0.5130391173520562,0.4107671186191621
eng/checkpoint_2_850.pt,0.3416151231472185,0.5125376128385155,0.4099749198258969
eng/checkpoint_2_900.pt,0.3449375905494249,0.5195586760280843,0.4146121268231261
eng/checkpoint_2_950.pt,0.34921827185222154,0.528292438657987,0.42048346590201924
eng/checkpoint_2_1000.pt,0.34926798040525364,0.5320641282565131,0.42170927779859707
eng/checkpoint_2_1050.pt,0.3520443665107982,0.5348196392785571,0.42459777345405736
eng/checkpoint2.pt,0.3578942248902215,0.5482741370685342,0.43308540785808025
eng/checkpoint_3_1050.pt,0.3438769265008614,0.5200300450676014,0.41399442178660456
eng/checkpoint_3_1100.pt,0.35401713681633434,0.5415623435152729,0.4281526195482544
eng/checkpoint_3_1150.pt,0.3545072850628392,0.5447947947947948,0.4295191303230251
eng/checkpoint_3_1200.pt,0.3558029633336099,0.548411308481361,0.43159320697662995
eng/checkpoint_3_1250.pt,0.3602579067311417,0.5610305152576288,0.43876743528959883
eng/checkpoint_3_1300.pt,0.3591535980424855,0.5603103103103103,0.43772781539356564
eng/checkpoint_3_1350.pt,0.36215660104548847,0.5675675675675675,0.44217058795095926
eng/checkpoint_3_1400.pt,0.365806083861638,0.5743243243243243,0.446940828885529
eng/checkpoint_3_1450.pt,0.36717462703184006,0.5756513026052105,0.4483638934619199
eng/checkpoint_3_1500.pt,0.3701806390558883,0.5799098196392786,0.4518967339671593
eng/checkpoint_3_1550.pt,0.3664729330434286,0.57451078775715,0.4474947840230989
eng/checkpoint3.pt,0.36672382545657195,0.5726474278544542,0.4471149285023299
eng/checkpoint_4_1600.pt,0.37204512494422015,0.5848393574297188,0.45478139904082365
eng/checkpoint_4_1650.pt,0.3765095708465863,0.5919136112506278,0.46025568959966373
eng/checkpoint_4_1700.pt,0.37627099726547125,0.589904570567554,0.4594692485481541
eng/checkpoint_4_1750.pt,0.3816225350539064,0.5994218200100553,0.46634563124100453
eng/checkpoint_4_1800.pt,0.37872788660081363,0.5960572576594676,0.46316566643565943
eng/checkpoint_4_1850.pt,0.3824562873582471,0.6003016591251885,0.4672343676600031
eng/checkpoint_4_1900.pt,0.38645300220935663,0.6098665995469419,0.47311079281520757
eng/checkpoint_4_1950.pt,0.3859787692910948,0.6086463322409882,0.47238816291695523
eng/checkpoint_4_2000.pt,0.39036653475905697,0.6161909573124527,0.47794652695077106
eng/checkpoint_4_2050.pt,0.3952943981598348,0.6259782883110325,0.4845830384323937
eng/checkpoint4.pt,0.39216459662078873,0.6234894259818731,0.48148380018411907
eng/checkpoint_5_2100.pt,0.39749754798934994,0.6331651954602774,0.4883879120832089
eng/checkpoint_5_2150.pt,0.39334538929542584,0.6261670451678022,0.48317197872171563
eng/checkpoint_5_2200.pt,0.3891541073784052,0.6184642586511745,0.4777163946886208
eng/checkpoint_5_2250.pt,0.3968199910303831,0.633577194752775,0.48799841499520696
eng/checkpoint_5_2300.pt,0.39455942565483076,0.6293538616860171,0.4850361866977569
eng/checkpoint_5_2350.pt,0.40225028058361256,0.640530303030303,0.4941662669308786
eng/checkpoint_5_2400.pt,0.3949985970819291,0.6319444444444444,0.48613634621499896
eng/checkpoint_5_2450.pt,0.40001962598480234,0.6382790815039112,0.49181253451554185
eng/checkpoint_5_2500.pt,0.3994388327721645,0.6397727272727273,0.49181529776332233
eng/checkpoint_5_2550.pt,0.39868413661386215,0.6381445904954499,0.4907621064971938
eng/checkpoint5.pt,0.3999269744972459,0.6416835187057633,0.4927495448545303
eng/checkpoint_6_2600.pt,0.4038580246913563,0.6493686868686869,0.49799867834107253
eng/checkpoint_6_2650.pt,0.40688091427287615,0.6541571897902452,0.5017050272573362
eng/checkpoint_6_2700.pt,0.40486216383133844,0.6524759979787772,0.49967522961143246
eng/checkpoint_6_2750.pt,0.40644124417494637,0.6514653865588681,0.5005780180548316
eng/checkpoint_6_2800.pt,0.402812886192561,0.6469919110212335,0.49650502591221957
eng/checkpoint_6_2850.pt,0.4017876230661024,0.6454430379746835,0.49527011326172793
eng/checkpoint_6_2900.pt,0.40020508498384433,0.6441213653603034,0.493678285518826
eng/checkpoint_6_2950.pt,0.40031043685910783,0.6438685208596713,0.49368412753358654
eng/checkpoint_6_3000.pt,0.40400618064334703,0.6506953223767383,0.49850110425207433
eng/checkpoint_6_3050.pt,0.40079505548531924,0.6441213653603034,0.494126904733567
eng/checkpoint_6_3100.pt,0.407143258584835,0.6581942336874052,0.5030881707047968
eng/checkpoint6.pt,0.4008462663067908,0.6451163967611336,0.494458374291316
eng/checkpoint_7_3150.pt,0.4073540156241201,0.6564238745574102,0.5027306991817142
eng/checkpoint_7_3200.pt,0.40124206148485175,0.6445371775417299,0.49458894605938547
eng/checkpoint_7_3250.pt,0.40108215982235546,0.6454591449532001,0.49473851964293175
eng/checkpoint_7_3300.pt,0.40797785646040396,0.6587000505816895,0.5038728802996995
eng/checkpoint_7_3350.pt,0.4075659097943203,0.6564953152696885,0.5029129981265961
eng/checkpoint_7_3400.pt,0.40708729958161166,0.6584533737680061,0.5031211150016216
eng/checkpoint_7_3450.pt,0.4028353847018472,0.6490895295902883,0.4971385824327551
eng/checkpoint_7_3500.pt,0.40743831843983414,0.6587000505816895,0.5034611805811842
eng/checkpoint_7_3550.pt,0.40862495432442125,0.6619023526435619,0.5053020448067683
eng/checkpoint_7_3600.pt,0.4040398932434313,0.6549936788874842,0.4997831665719975
eng/checkpoint7.pt,0.403158352994044,0.6523003033367037,0.498324239179542
eng/checkpoint_8_3650.pt,0.4030124206148467,0.650354071825999,0.4976440215712227
eng/checkpoint_8_3700.pt,0.40531541399842536,0.6558392315470172,0.5010047324709279
eng/checkpoint_8_3750.pt,0.40866880017966245,0.6633400707427994,0.5057540066590733
eng/checkpoint_8_3800.pt,0.4049766762209839,0.6569296914516944,0.5010633913761182
eng/checkpoint_8_3850.pt,0.404224244466912,0.6548281092012134,0.49987594433977356
eng/checkpoint_8_3900.pt,0.40714506563228864,0.6629142423475841,0.5044622493284507
eng/checkpoint_8_3950.pt,0.4063333614129653,0.6594642405863027,0.5028390401825371
eng/checkpoint_8_4000.pt,0.406803379933747,0.660055583628095,0.5033708325748839
eng/checkpoint_8_4050.pt,0.4046996655142349,0.6555780419934227,0.5004579695198375
eng/checkpoint8.pt,0.41100028058361204,0.6657828282828283,0.5082489258585389
eng/checkpoint_9_4200.pt,0.40286199539610185,0.6550025265285497,0.49888358926470305
eng/checkpoint_9_4250.pt,0.4058462532299725,0.6588725985844287,0.5022940563806203
eng/checkpoint_9_4300.pt,0.40517797990006005,0.6567710965133906,0.5011712746919669
eng/checkpoint_9_4350.pt,0.4086960792568251,0.6654458196514271,0.5063857907894765
eng/checkpoint_9_4400.pt,0.4063333614129653,0.662749557745767,0.5037911479975852
eng/checkpoint_9_4450.pt,0.408222446802536,0.6633400707427994,0.5054120544662227
eng/checkpoint_9_4500.pt,0.40544610030591177,0.6563526142965396,0.50125434177373
eng/checkpoint_9_4550.pt,0.4083129961569733,0.6638475132542287,0.5056287090391843
eng/checkpoint_9_4600.pt,0.40693812812306823,0.6582870136432541,0.5029586227293077
eng/checkpoint_9_4650.pt,0.40802469135802294,0.661489898989899,0.504722823433388
eng/checkpoint9.pt,0.41137793506347414,0.6682254802831142,0.5092485153863949
eng/checkpoint_10_4700.pt,0.4087528058361372,0.664520202020202,0.506161051516749
eng/checkpoint_10_4750.pt,0.40435685812138394,0.6572764022233452,0.5006893262444655
eng/checkpoint_10_4800.pt,0.40774887036569096,0.6649406415761556,0.5055121588204992
eng/checkpoint_10_4850.pt,0.4084202703460636,0.6639323573952549,0.5057355684762337
eng/checkpoint_10_4900.pt,0.4039211560044876,0.6561868686868687,0.5000391514480458
eng/checkpoint_10_4950.pt,0.40508241372532344,0.6576952236542836,0.5013669074753639
eng/checkpoint_10_5000.pt,0.40429382341370024,0.6602175012645423,0.5014918144747039
eng/checkpoint_10_5050.pt,0.40461300744486417,0.6572692793931731,0.5008835784016665
eng/checkpoint_10_5100.pt,0.403878777665429,0.6578614762386249,0.5004920702958308
eng/checkpoint_10_5150.pt,0.4074528487505955,0.6621553250695674,0.5044783316331197
eng/checkpoint10.pt,0.4079210563281342,0.6633375474083438,0.5051802657119914
eng/checkpoint_11_5200.pt,0.40771261655993546,0.6616531850353893,0.5045314726233959
eng/checkpoint_11_5250.pt,0.4110465768799084,0.6705808080808081,0.509676344211625
eng/checkpoint_11_5300.pt,0.4096807733378277,0.6683105715730906,0.5079706680103907
eng/checkpoint_11_5350.pt,0.4047033386684621,0.6574425069497094,0.5010030941471283
eng/checkpoint_11_5400.pt,0.40646161182641694,0.6625852057561222,0.5038422008738231
eng/checkpoint_11_5450.pt,0.4064931961313524,0.6613107287449392,0.5034975157908838
eng/checkpoint_11_5500.pt,0.40555555555555367,0.6616493802175563,0.502875451532146
eng/checkpoint_11_5550.pt,0.4049020434550393,0.6591196559575007,0.5016418287821042
eng/checkpoint_11_5600.pt,0.4061722151987622,0.6615676359039191,0.5033255842261561
eng/checkpoint_11_5650.pt,0.4024884844399487,0.6563447927199191,0.49898549014342447
eng/checkpoint_11_5700.pt,0.4049568541473406,0.6608904629395396,0.5021959872065994
eng/checkpoint11.pt,0.4023723191949838,0.6570958765494561,0.4991130320715018
eng/checkpoint_12_5750.pt,0.40598798191671404,0.662749557745767,0.5035256000278112
eng/checkpoint_12_5800.pt,0.40798242659030765,0.6681404749873674,0.506614201572907
eng/checkpoint_12_5850.pt,0.40595579148410116,0.6624115267947421,0.5034032603718529
eng/checkpoint_12_5900.pt,0.4048906320287881,0.6610576923076923,0.5021933253895046
eng/checkpoint_12_5950.pt,0.4020513685157067,0.6551593323216995,0.4983069239596862
eng/checkpoint_12_6000.pt,0.40157306839549645,0.6563526142965396,0.498283646166465
eng/checkpoint_12_6050.pt,0.4101947742134639,0.671002778479414,0.5091425383445252
eng/checkpoint_12_6100.pt,0.40355768960772576,0.6589588071771544,0.5005623810562176
eng/checkpoint_12_6150.pt,0.4010239099859335,0.6575949367088607,0.4982176418439851
eng/checkpoint_12_6200.pt,0.40663068836607735,0.6649380217556287,0.5046511772008712
eng/checkpoint12.pt,0.40448771988984256,0.6594587759231159,0.501421787062084
eng/checkpoint_13_6250.pt,0.4023903934306346,0.6548974943052391,0.49849140134300735
eng/checkpoint_13_6300.pt,0.40370791884448765,0.6602175012645423,0.5010408218141869
eng/checkpoint_13_6350.pt,0.4037809226967662,0.6576952236542836,0.5003688216137367
eng/checkpoint_13_6400.pt,0.403936764664587,0.6617386909274703,0.501654766399996
eng/checkpoint_13_6450.pt,0.4055134254578119,0.6654448938321537,0.5039352764544418
eng/checkpoint_13_6500.pt,0.4044843175244976,0.6614859742228961,0.5020040519083814
eng/checkpoint_13_6550.pt,0.4066720031457121,0.6646865520728008,0.5046105438348426
eng/checkpoint_13_6600.pt,0.39876355870285896,0.6511127971674254,0.4946107313755615
eng/checkpoint_13_6650.pt,0.4030384799167984,0.6593726283835062,0.5002819337376767
eng/checkpoint_13_6700.pt,0.4062954539072792,0.6662875916098054,0.5047807171618802
eng/checkpoint_13_6750.pt,0.40325268363963174,0.6617349519473951,0.5011258090031113
eng/checkpoint13.pt,0.4025011234692713,0.6601365015166836,0.5000870988490576
eng/checkpoint_14_6800.pt,0.40392065901934143,0.6618168016194332,0.5016647880613465
eng/checkpoint_14_6850.pt,0.4046226043949849,0.6624936772888215,0.5024005756464346
eng/checkpoint_14_6900.pt,0.4045773955083322,0.6631672147735896,0.5025592486367548
eng/checkpoint_14_6950.pt,0.4025980226940775,0.6596309403437816,0.5000167036130353
eng/checkpoint_14_7000.pt,0.40032712773425244,0.6523881728582259,0.4961810344375965
eng/checkpoint_14_7050.pt,0.4069718151703984,0.6656139464375948,0.5051085436344683
eng/checkpoint_14_7100.pt,0.40160755903742834,0.6589588071771544,0.4990594582047827
eng/checkpoint_14_7150.pt,0.40576344992274,0.6653603034134008,0.5041040147112442
eng/checkpoint_14_7200.pt,0.4058586624007167,0.6659509977266986,0.504346977297536
eng/checkpoint_14_7250.pt,0.4035459498932686,0.6598837209302325,0.5008199607138709
eng/checkpoint14.pt,0.40219412838881685,0.6600505689001265,0.4998254430996109
eng/checkpoint_15_7300.pt,0.40633176127112275,0.6630874178878221,0.5038875001268975
eng/checkpoint_15_7350.pt,0.4056285995224029,0.6643489254108723,0.5037095040392187
eng/checkpoint_15_7400.pt,0.40413263731020554,0.663425107350341,0.5022899035340737
eng/checkpoint_15_7450.pt,0.40580540115658664,0.6668772107124811,0.504571195656514
eng/checkpoint_15_7500.pt,0.40532957161304617,0.6666245578575037,0.504130986643196
eng/checkpoint_15_7550.pt,0.40283323505461305,0.6614859742228961,0.5007304812629441
eng/checkpoint_15_7600.pt,0.3988312965304097,0.6557522123893805,0.495995817984734
eng/checkpoint_15_7650.pt,0.4057479010473685,0.6662875916098054,0.5043579128513767
eng/checkpoint_15_7700.pt,0.40275038629020743,0.6615676359039191,0.5006898602884019
eng/checkpoint_15_7750.pt,0.4046888607950536,0.6671302149178255,0.5037793649968157
eng/checkpoint15.pt,0.40162903044601544,0.6586198179979778,0.49897878092160375
eng/checkpoint_16_7800.pt,0.40563417853031,0.6670457417235279,0.5044870261431491
eng/checkpoint_16_7850.pt,0.4024926974497227,0.6641809908998989,0.5012366978616397
eng/checkpoint_16_7900.pt,0.4045872975779499,0.662414751199798,0.5023506644072444
eng/checkpoint_16_7950.pt,0.4019623542632373,0.6608091024020227,0.4998635988090069
eng/checkpoint_16_8000.pt,0.4000196458140365,0.6596362717858045,0.4980248086633978
eng/checkpoint_16_8050.pt,0.40454443320974975,0.6654448938321537,0.5031863787873243
eng/checkpoint_16_8100.pt,0.39828216374268827,0.6532135627530364,0.4948442577629581
eng/checkpoint_16_8150.pt,0.40382497541789386,0.6638432364096081,0.5021718838394279
eng/checkpoint_16_8200.pt,0.40147277679498866,0.6589588071771544,0.49895538026124153
eng/checkpoint_16_8250.pt,0.4083656004489318,0.6723484848484849,0.508115877198954
eng/checkpoint_16_8300.pt,0.404779153679834,0.6683093252463987,0.5041852342693438
eng/checkpoint16.pt,0.40435575762678383,0.6636776963879768,0.5025346289185622
eng/checkpoint_17_8350.pt,0.4024926974497229,0.6621587462082912,0.5006597445368436
eng/checkpoint_17_8400.pt,0.4051170700171439,0.6672147735896787,0.5041351625624388
eng/checkpoint_17_8450.pt,0.4044697288945057,0.6648546144121366,0.5029597751679047
eng/checkpoint_17_8500.pt,0.40611588585551983,0.6684782608695652,0.5052691602975086
eng/checkpoint_17_8550.pt,0.4059711341364089,0.6688147586555472,0.5052531632942051
eng/checkpoint_17_8600.pt,0.4021135265700464,0.6606420626895855,0.4999326511445326
eng/checkpoint_17_8650.pt,0.40269981739008076,0.6643489254108723,0.5014451172005369
eng/checkpoint_17_8700.pt,0.40837194282986344,0.6708364922921405,0.5076883996881327
eng/checkpoint_17_8750.pt,0.4058742593996555,0.6650240080869345,0.50409293760232
eng/checkpoint_17_8800.pt,0.4072394824731254,0.6725183127052285,0.5072915626870526
eng/checkpoint17.pt,0.40577155039411855,0.6671295127493058,0.5046172214777114
eng/checkpoint_18_8850.pt,0.40703142536475667,0.6708333333333333,0.5066502928969755
eng/checkpoint_18_8900.pt,0.40454749670064105,0.664265857973212,0.5028512954327151
eng/checkpoint_18_8950.pt,0.4049573081676195,0.6687310414560161,0.5044434402796386
eng/checkpoint_18_9000.pt,0.403994722362583,0.6646033350176856,0.5025205463501423
eng/checkpoint_18_9050.pt,0.40208877651355335,0.6610619469026549,0.500033689627086
eng/checkpoint_18_9100.pt,0.407557519640851,0.6723484848484849,0.5074898735260042
eng/checkpoint_18_9150.pt,0.40097997922106904,0.6599696739954511,0.4988636838005068
eng/checkpoint_18_9200.pt,0.40471359209676766,0.6659509977266986,0.5034619114373392
eng/checkpoint_18_9250.pt,0.4047225733951377,0.6658659924146649,0.5034445660878604
eng/checkpoint_18_9300.pt,0.40347502805835933,0.6637626262626263,0.5018781771259648
eng/checkpoint_18_9350.pt,0.40168843938755244,0.6620733249051833,0.5000127088006621
eng/checkpoint18.pt,0.40333866846376126,0.6637604245640637,0.5017720426750084
eng/checkpoint_19_9400.pt,0.4042231769297709,0.6662875916098054,0.5031782863741354
eng/checkpoint_19_9450.pt,0.4032340617002709,0.6652746140217667,0.502122988522861
eng/checkpoint_19_9500.pt,0.4036756240698602,0.6637604245640637,0.5020327053066669
eng/checkpoint_19_9550.pt,0.4011327543075564,0.6598785732355174,0.49895585978983376
eng/checkpoint_19_9600.pt,0.4034018476399047,0.6657821582006571,0.502397625248201
eng/checkpoint_19_9650.pt,0.4027876081339156,0.663422649140546,0.501249017641742
eng/checkpoint_19_9700.pt,0.4022994802640802,0.6628318584070797,0.5007024062822512
eng/checkpoint_19_9750.pt,0.406994222895281,0.6712518929833418,0.506740786780622
eng/checkpoint_19_9800.pt,0.4004201090316396,0.659711684370258,0.4983565745864602
eng/checkpoint_19_9850.pt,0.4039640398932415,0.668141592920354,0.5035048204876648
eng/checkpoint19.pt,0.40363679748469844,0.6673825164224356,0.5030350771982223
eng/checkpoint_20_9900.pt,0.40476772272778133,0.6689838220424671,0.5043681836989513
eng/checkpoint_20_9950.pt,0.40378743229210323,0.6646880525385198,0.5023843519485404
eng/checkpoint_20_10000.pt,0.4024998596373007,0.6646033350176856,0.5013624744054653
eng/checkpoint_20_10050.pt,0.4055049994382634,0.6689838220424671,0.504940170541184
eng/checkpoint_20_10100.pt,0.4058319304152617,0.6700757575757575,0.5055045916238653
eng/checkpoint_20_10150.pt,0.40546286934052156,0.6682254802831142,0.5046913672799253
eng/checkpoint_20_10200.pt,0.4018088181639564,0.6626673402374337,0.5002753301990871
eng/checkpoint_20_10250.pt,0.40335212768941436,0.6643524362534713,0.5019515280686165
eng/checkpoint_20_10300.pt,0.4047346411832373,0.6697398332912352,0.5045571906132598
eng/checkpoint20.pt,0.4023626913892381,0.6638432364096081,0.5010397040536905
eng/checkpoint_21_10400.pt,0.4014854126302173,0.6607278241091736,0.49947143176831
eng/checkpoint_21_10450.pt,0.4029457233605961,0.6649380217556287,0.5018035594073483
eng/checkpoint_21_10600.pt,0.40674783732164727,0.6715116279069767,0.5066237045822517
eng/checkpoint_21_10650.pt,0.4045505586435329,0.6699090449722082,0.5044621081553188
eng/checkpoint_21_10700.pt,0.40523693223288776,0.6704143506821627,0.5051389034912697
eng/checkpoint_21_10750.pt,0.40533647904729586,0.6705005055611729,0.5052406972651278
eng/checkpoint_21_10850.pt,0.4015869003482735,0.6641809908998989,0.5005337233294935
eng/checkpoint_21_10900.pt,0.40191033630902046,0.664855987872663,0.5009766199508534
eng/checkpoint21.pt,0.4005125828558568,0.6619059656218402,0.49905316182357357
eng/checkpoint_22_10950.pt,0.4005717095097606,0.6603034134007585,0.49864279289614655
eng/checkpoint_22_11000.pt,0.4017840098815318,0.6633400707427994,0.5004476725038803
eng/checkpoint_22_11050.pt,0.40618967452300586,0.6690656565656565,0.5054940039214111
eng/checkpoint_22_11100.pt,0.40421997755330885,0.6688131313131314,0.5038942912252714
eng/checkpoint_22_11150.pt,0.404475893634345,0.6683093252463987,0.5039499180184973
eng/checkpoint_22_11200.pt,0.4071191960024683,0.6729408792319354,0.5073183538436805
eng/checkpoint_22_11250.pt,0.40340519903430266,0.6651086407276402,0.5022083451009774
eng/checkpoint_22_11300.pt,0.40478274285393495,0.6673819742489271,0.5039238873626123
eng/checkpoint_22_11350.pt,0.401207729468597,0.662917087967644,0.4998801932469141
eng/checkpoint_22_11400.pt,0.40352488484439736,0.6667087967644085,0.5027567251194818
eng/checkpoint22.pt,0.40273849607182727,0.6657828282828283,0.5018830581317928
eng/checkpoint_23_11450.pt,0.401228794517468,0.6624115267947421,0.49975273228160355
eng/checkpoint_23_11500.pt,0.4038262871259314,0.6656139464375948,0.5026786915496496
eng/checkpoint_23_11550.pt,0.40474066593733143,0.6686442817470336,0.5042506557471544
eng/checkpoint_23_11600.pt,0.4035769414274066,0.6664561758019701,0.5027252721336257
eng/checkpoint_23_11650.pt,0.40176671999101704,0.661151806011619,0.4998102601831339
eng/checkpoint_23_11700.pt,0.40658186617246306,0.6703310588829922,0.5061587553329358
eng/checkpoint_23_11750.pt,0.4030825188181083,0.6659504550050556,0.5021977682344276
eng/checkpoint_23_11800.pt,0.4036091450398811,0.6662032355915066,0.502678269962062
eng/checkpoint_23_11850.pt,0.40512874512116154,0.6680566085418246,0.5043843257172157
eng/checkpoint_23_11900.pt,0.40247880523271934,0.6653612935826175,0.5015616453930121
eng/checkpoint_23_11950.pt,0.40497164673516156,0.6691510864072764,0.5045740286758122
eng/checkpoint23.pt,0.40494217056874754,0.6694037392622537,0.5046229537120558
eng/checkpoint_24_12000.pt,0.40765363442309643,0.6745449949443882,0.5081889984128102
eng/checkpoint_24_12050.pt,0.4081424400651261,0.6739514906518443,0.5083998682035281
eng/checkpoint_24_12100.pt,0.40534220425579487,0.6704143506821627,0.5052206829190975
eng/checkpoint_24_12150.pt,0.40477072978968137,0.6685620419509729,0.5042505973078822
eng/checkpoint_24_12200.pt,0.4017132906414989,0.6651921132457027,0.500918847626261
eng/checkpoint_24_12250.pt,0.4084751713290621,0.6750505561172901,0.5089706401631174
eng/checkpoint_24_12300.pt,0.40385057955151205,0.6669613538772418,0.5030812991396431
eng/checkpoint_24_12350.pt,0.40304727415641806,0.6651086407276402,0.501930890290025
eng/checkpoint_24_12400.pt,0.4048218294051607,0.6680555555555555,0.5041460952300403
eng/checkpoint_24_12450.pt,0.4019249142921353,0.6632524026302479,0.5005319975296469
eng/checkpoint24.pt,0.40577884507358514,0.6717644084934277,0.5059430977599282
eng/checkpoint_25_12500.pt,0.40531425364758494,0.6688131313131314,0.504743662517831
eng/checkpoint_25_12550.pt,0.40431677890011014,0.6685606060606061,0.5038977883792884
eng/checkpoint_25_12600.pt,0.40358355073073376,0.6673819742489271,0.5029935709017045
eng/checkpoint_25_12650.pt,0.4076643360570558,0.6746272428607532,0.50822065403452
eng/checkpoint_25_12700.pt,0.40502892933378054,0.6707532861476239,0.5050733901822587
eng/checkpoint_25_12750.pt,0.4016720058449932,0.6645169448659585,0.5006952172676545
eng/checkpoint_25_12800.pt,0.40702767242590043,0.6729456384323641,0.507248640547626
eng/checkpoint_25_12850.pt,0.40312464891585004,0.6677199191102123,0.5027328260376869
eng/checkpoint_25_12900.pt,0.4056635802469116,0.6688131313131314,0.5050144436740942
eng/checkpoint_25_12950.pt,0.40638453324340834,0.6733687405159332,0.5068688337707423
